"game_id","game_date","player_id","career_atbats","career_avg","career_homeruns","career_obp","career_ops","career_rbi","career_slg","career_strikeouts","recent_atbats","recent_avg","recent_homeruns","recent_obp","recent_ops","recent_rbi","recent_slg","recent_strikeouts"
"717792","2023/06/12","621493","3.456","0.257","0.131","0.332","0.751","0.461","0.419","0.807","3.64","0.299","0.32","0.358","1.044","0.63","0.685","0.9"
"717794","2023/06/12","553869","3.241","0.294","0.113","0.352","0.799","0.512","0.448","0.671","3.76","0.126","0.03","0.186","0.382","0.23","0.196","0.95"
"717794","2023/06/12","545341","3.686","0.309","0.086","0.359","0.799","0.444","0.44","0.829","3.95","0.248","0","0.269","0.652","0.26","0.384","0.88"
"717794","2023/06/12","666134","2.087","0.144","0.011","0.225","0.423","0.224","0.198","0.905","3.38","0.366","0.37","0.418","1.158","0.87","0.74","1.05"
"717792","2023/06/12","660271","3.66","0.269","0.232","0.359","0.874","0.608","0.515","0.973","4.12","0.389","0.43","0.441","1.347","0.96","0.906","0.99"
"717792","2023/06/12","545361","3.534","0.28","0.233","0.354","0.88","0.559","0.526","1.111","3.52","0.153","0.14","0.264","0.534","0.57","0.271","1.47"
"717792","2023/06/12","543685","3.126","0.286","0.075","0.392","0.826","0.577","0.434","0.553","3.37","0.254","0.05","0.316","0.672","0.4","0.356","0.47"
"717792","2023/06/12","642136","2.201","0.211","0.029","0.309","0.584","0.182","0.276","0.681","3.15","0.188","0.07","0.419","0.703","0.67","0.283","0.98"
"717792","2023/06/12","592273","3.212","0.247","0.134","0.278","0.732","0.477","0.454","0.958","3.99","0.292","0.13","0.347","0.803","0.42","0.457","1.02"
"717792","2023/06/12","592669","3.543","0.272","0.216","0.322","0.841","0.592","0.519","0.778","3.88","0.19","0.09","0.241","0.582","0.21","0.341","0.97"
"717794","2023/06/12","660707","2.672","0.27","0.148","0.328","0.777","0.383","0.449","0.714","2.78","0.145","0","0.158","0.355","0.43","0.198","1.43"
"717794","2023/06/12","686668","2.04","0.197","0.064","0.217","0.525","0.405","0.307","0.738","3.16","0.142","0","0.188","0.33","0.18","0.142","1.13"
"717794","2023/06/12","680776","3.121","0.28","0.086","0.324","0.814","0.406","0.489","0.938","3.21","0.222","0","0.283","0.601","0.37","0.318","1.05"
"717794","2023/06/12","657077","3.706","0.286","0.088","0.336","0.756","0.395","0.42","0.581","4.12","0.224","0","0.337","0.64","0.27","0.304","0.45"
"717794","2023/06/12","457759","3.397","0.257","0.11","0.346","0.743","0.434","0.397","0.611","4.02","0.273","0.23","0.318","0.839","0.51","0.521","0.5"
"717794","2023/06/12","646240","3.732","0.258","0.233","0.313","0.822","0.769","0.509","0.85","3.81","0.25","0.21","0.336","0.812","0.52","0.476","0.87"
"717794","2023/06/12","594807","2.75","0.241","0.233","0.331","0.9","0.537","0.57","0.994","3.21","0.284","0.27","0.341","0.918","0.91","0.576","0.75"
"717794","2023/06/12","671213","2.533","0.196","0.134","0.312","0.671","0.373","0.36","0.817","3.27","0.203","0.09","0.382","0.727","0.25","0.345","0.96"
"717794","2023/06/12","624414","3.067","0.246","0.065","0.275","0.632","0.355","0.357","0.582","2.92","0.268","0.07","0.276","0.717","0.49","0.441","0.65"
"717794","2023/06/12","657136","2.524","0.207","0.113","0.295","0.691","0.31","0.396","0.866","2.71","0.188","0.11","0.262","0.616","0.23","0.354","1.2"
"717794","2023/06/12","571771","3.494","0.218","0.087","0.283","0.636","0.386","0.352","0.766","3.59","0.2","0.15","0.244","0.58","0.63","0.335","0.83"
"717794","2023/06/12","663796","1.167","0.319","0.153","0.431","1.125","0.208","0.694","0.208","2.23","0.375","0.12","0.375","0.937","0.52","0.562","0.53"
"717791","2023/06/12","669242","3.373","0.236","0.095","0.312","0.685","0.373","0.373","0.587","3.64","0.117","0","0.166","0.332","0.12","0.165","0.61"
"717791","2023/06/12","596103","2.896","0.329","0.028","0.428","0.878","0.763","0.45","0.903","2.28","0.287","0.06","0.317","0.643","0.58","0.327","0.68"
"717791","2023/06/12","642731","3.445","0.265","0.134","0.295","0.744","0.437","0.449","0.787","4.39","0.253","0.33","0.274","0.874","0.85","0.6","1.44"
"717791","2023/06/12","527038","3.143","0.24","0.147","0.294","0.729","0.408","0.434","0.539","2.19","0.233","0","0.38","0.657","0.44","0.278","0.51"
"717791","2023/06/12","605204","3.005","0.26","0.124","0.327","0.756","0.448","0.429","1.002","3.16","0.285","0.01","0.383","0.799","0.38","0.416","0.77"
"717791","2023/06/12","571745","3.618","0.246","0.117","0.281","0.662","0.466","0.381","1.118","3.72","0.222","0.05","0.304","0.639","0.33","0.335","0.91"
"717791","2023/06/12","624424","3.378","0.211","0.202","0.321","0.748","0.48","0.427","1.009","3.37","0.26","0.16","0.345","0.751","0.78","0.406","0.87"
"717791","2023/06/12","669477","2.322","0.22","0.092","0.224","0.597","0.391","0.374","0.529","3.53","0.187","0","0.197","0.48","0.43","0.282","0.84"
"717791","2023/06/12","672275","1.433","0.281","0.028","0.315","0.746","0.156","0.431","0.383","3.83","0.246","0.09","0.293","0.726","0.75","0.433","1.43"
"717791","2023/06/12","543063","3.163","0.202","0.123","0.281","0.626","0.44","0.345","0.829","2.76","0.261","0","0.349","0.817","0.26","0.468","0.86"
"717791","2023/06/12","680977","2.571","0.226","0.09","0.301","0.637","0.287","0.335","0.482","3.52","0.218","0.09","0.313","0.645","0.25","0.332","0.41"
"717791","2023/06/12","502671","3.62","0.282","0.192","0.376","0.876","0.548","0.5","0.878","3.97","0.263","0.04","0.292","0.637","0.23","0.345","1.18"
"717791","2023/06/12","669357","2.957","0.256","0.206","0.331","0.844","0.654","0.512","0.945","3.22","0.166","0.17","0.183","0.497","0.46","0.314","1.55"
"717791","2023/06/12","571448","3.729","0.297","0.194","0.336","0.852","0.682","0.516","0.725","3.54","0.337","0.36","0.404","1.158","0.88","0.754","0.35"
"717791","2023/06/12","575929","3.383","0.246","0.124","0.324","0.735","0.497","0.411","0.884","3.32","0.107","0.17","0.182","0.438","0.17","0.257","1.04"
"717791","2023/06/12","666185","3.068","0.258","0.082","0.309","0.716","0.442","0.407","0.822","3.09","0.331","0.18","0.425","0.994","0.51","0.568","0.65"
"717791","2023/06/12","691023","2.691","0.21","0.098","0.222","0.546","0.417","0.324","0.882","3.42","0.303","0.19","0.373","0.863","0.55","0.489","0.6"
"717791","2023/06/12","657557","3.12","0.235","0.234","0.324","0.808","0.555","0.484","0.894","3.56","0.132","0","0.178","0.334","0.08","0.155","1.18"
"717792","2023/06/12","687263","1.849","0.158","0.038","0.196","0.457","0.239","0.262","0.377","2.74","0.253","0.24","0.355","0.818","0.28","0.463","0.63"
"717792","2023/06/12","543760","3.82","0.268","0.159","0.325","0.782","0.59","0.458","0.726","4.38","0.267","0.07","0.301","0.725","0.7","0.423","0.59"
"717792","2023/06/12","608369","3.36","0.366","0.194","0.415","1.06","0.6","0.646","0.668","4.34","0.377","0.24","0.401","1.071","1.22","0.67","0.87"
"717792","2023/06/12","663993","3.509","0.28","0.113","0.366","0.811","0.539","0.445","0.879","3.95","0.188","0.16","0.315","0.621","0.54","0.306","1.53"
"717792","2023/06/12","666969","3.47","0.243","0.218","0.314","0.788","0.743","0.474","0.986","3.63","0.269","0.09","0.354","0.746","0.46","0.392","1.21"
"717792","2023/06/12","673962","3.129","0.248","0.173","0.279","0.723","0.527","0.444","0.954","3.95","0.277","0.15","0.322","0.787","0.29","0.466","0.52"
"717792","2023/06/12","641680","3.268","0.273","0.134","0.329","0.773","0.57","0.444","0.637","3.65","0.27","0.08","0.321","0.733","0.87","0.411","0.8"
"717792","2023/06/12","641598","3.029","0.167","0.112","0.209","0.495","0.303","0.286","0.658","3.27","0.236","0.2","0.344","0.778","0.6","0.435","1.48"
"717792","2023/06/12","677649","2.623","0.289","0.101","0.313","0.806","0.485","0.493","0.658","3.33","0.369","0.11","0.404","0.951","0.43","0.548","0.6"
"717792","2023/06/12","665750","3.272","0.26","0.033","0.324","0.674","0.413","0.35","0.858","3.3","0.235","0.3","0.301","0.949","0.58","0.648","0.59"
"717793","2023/06/12","668472","2.817","0.269","0.098","0.357","0.825","0.425","0.468","1.092","3.74","0.268","0.15","0.321","0.73","0.34","0.409","1.85"
"717793","2023/06/12","521692","3.707","0.279","0.242","0.308","0.84","0.626","0.532","0.898","3.87","0.217","0.15","0.218","0.602","0.49","0.383","1.09"
"717793","2023/06/12","669004","3.092","0.185","0.105","0.279","0.633","0.413","0.354","1.054","3.61","0.233","0.04","0.299","0.642","0.27","0.343","1.02"
"717793","2023/06/12","677951","3.704","0.256","0.157","0.293","0.746","0.479","0.453","0.844","4","0.262","0.09","0.262","0.619","0.33","0.357","0.67"
"717793","2023/06/12","686681","2.493","0.195","0.102","0.227","0.575","0.346","0.348","0.818","3.2","0.15","0.05","0.214","0.417","0.24","0.203","0.52"
"717793","2023/06/12","658668","3.024","0.25","0.11","0.293","0.737","0.286","0.444","0.585","2.79","0.287","0.14","0.302","0.94","0.18","0.637","0.41"
"717793","2023/06/12","672580","2.418","0.226","0.021","0.281","0.578","0.332","0.297","0.557","3.21","0.244","0.08","0.361","0.708","0.27","0.347","1.09"
"717793","2023/06/12","671221","1.968","0.376","0.097","0.482","1.113","0.556","0.63","0.548","2.92","0.128","0.07","0.202","0.399","0.24","0.198","1.29"
"717793","2023/06/12","680118","0.833","0.031","0","0.365","0.396","0.028","0.031","0.736","1.7","0.39","0.18","0.447","1.377","0.3","0.93","0.28"
"717789","2023/06/12","665923","2.841","0.259","0.029","0.296","0.678","0.401","0.383","0.486","4.3","0.234","0","0.265","0.539","0.52","0.274","0.63"
"717789","2023/06/12","676116","2.048","0.193","0.046","0.322","0.636","0.239","0.315","0.85","3.64","0.306","0.16","0.431","0.923","0.62","0.492","1.2"
"717789","2023/06/12","657656","3.44","0.214","0.124","0.267","0.644","0.344","0.377","1.031","3.58","0.335","0","0.419","0.827","0.51","0.407","0.9"
"717789","2023/06/12","664913","2.965","0.203","0.129","0.263","0.625","0.372","0.362","0.835","3.3","0.184","0.13","0.289","0.642","0.64","0.353","1.25"
"717789","2023/06/12","667670","2.812","0.213","0.138","0.324","0.702","0.432","0.378","0.97","3.48","0.221","0.21","0.299","0.711","0.5","0.412","1.01"
"717789","2023/06/12","681146","1.54","0.032","0.003","0.183","0.221","0.021","0.038","0.229","2.77","0.248","0.04","0.33","0.641","0.5","0.311","0.64"
"717789","2023/06/12","607054","2.804","0.219","0.081","0.32","0.666","0.318","0.346","0.836","2.8","0.237","0.18","0.332","0.7","0.68","0.368","0.59"
"717789","2023/06/12","675656","2.427","0.237","0.096","0.306","0.702","0.453","0.396","0.812","2.53","0.173","0.2","0.178","0.712","0.2","0.533","0.92"
"717789","2023/06/12","669127","3.039","0.201","0.152","0.247","0.673","0.416","0.426","0.996","3.16","0.203","0.09","0.367","0.704","0.3","0.337","1.18"
"717786","2023/06/12","663743","2.664","0.206","0.08","0.26","0.547","0.258","0.287","0.52","3.1","0.169","0.07","0.217","0.451","0.36","0.234","0.51"
"717786","2023/06/12","641505","1.795","0.155","0.004","0.234","0.409","0.062","0.175","0.621","3.02","0.211","0.02","0.24","0.555","0.44","0.315","1.06"
"717786","2023/06/12","641487","3.251","0.232","0.039","0.343","0.657","0.342","0.315","0.642","4","0.236","0.03","0.317","0.603","0.18","0.286","0.65"
"717786","2023/06/12","677594","3.475","0.254","0.155","0.332","0.78","0.479","0.449","1.039","4.22","0.272","0.31","0.297","0.789","0.76","0.492","1.33"
"717786","2023/06/12","664034","3.622","0.266","0.096","0.321","0.737","0.446","0.415","0.569","4.17","0.408","0.02","0.41","0.992","0.37","0.582","0.82"
"717786","2023/06/12","606192","3.72","0.251","0.186","0.285","0.732","0.606","0.447","1.256","3.68","0.311","0.21","0.398","0.941","0.82","0.542","1.04"
"717786","2023/06/12","553993","3.508","0.228","0.148","0.322","0.719","0.54","0.398","1.173","3.53","0.172","0.04","0.216","0.453","0.5","0.237","1.26"
"717786","2023/06/12","572041","3.061","0.192","0.119","0.235","0.581","0.362","0.346","0.762","2.41","0.199","0","0.266","0.465","0.1","0.199","0.42"
"717786","2023/06/12","664238","2.305","0.174","0.083","0.275","0.605","0.277","0.331","0.804","2.58","0.205","0","0.378","0.598","0.36","0.22","1.11"
"717786","2023/06/12","608596","2.784","0.195","0.12","0.252","0.613","0.324","0.361","1.09","2.81","0.268","0.05","0.338","0.832","0.22","0.494","1.08"
"717786","2023/06/12","676609","1.559","0.184","0.037","0.275","0.615","0.274","0.34","0.511","2.26","0.122","0.01","0.304","0.454","0.3","0.15","0.34"
"717790","2023/06/12","660670","3.722","0.298","0.201","0.389","0.906","0.494","0.517","0.803","4.49","0.339","0.18","0.36","0.932","0.72","0.572","0.55"
"717790","2023/06/12","621566","3.494","0.267","0.295","0.377","0.968","0.767","0.591","1.083","4.06","0.191","0.22","0.281","0.637","0.48","0.356","1.27"
"717790","2023/06/12","663586","3.564","0.281","0.187","0.342","0.833","0.511","0.491","1.018","3.87","0.253","0.12","0.286","0.668","0.47","0.383","0.92"
"717790","2023/06/12","669221","3.308","0.258","0.194","0.346","0.823","0.653","0.477","0.831","3.77","0.285","0.15","0.318","0.796","0.53","0.478","1.07"
"717790","2023/06/12","542303","3.409","0.228","0.176","0.303","0.721","0.509","0.417","0.872","3.66","0.36","0.23","0.384","0.951","0.67","0.568","0.74"
"717790","2023/06/12","592696","3.268","0.241","0.138","0.278","0.709","0.425","0.431","0.748","4.13","0.292","0.22","0.294","0.842","0.67","0.547","1.16"
"717790","2023/06/12","645277","3.646","0.255","0.185","0.309","0.764","0.648","0.455","0.663","3.8","0.229","0.3","0.31","0.769","0.67","0.459","0.32"
"717790","2023/06/12","606115","2.97","0.298","0.129","0.351","0.831","0.463","0.48","0.653","3.62","0.363","0.09","0.391","0.83","0.55","0.439","0.85"
"717790","2023/06/12","671739","2.804","0.225","0.082","0.299","0.693","0.322","0.394","0.651","3.56","0.216","0.1","0.258","0.597","0.29","0.338","0.97"
"717790","2023/06/12","656716","2.578","0.192","0.063","0.292","0.601","0.231","0.309","0.651","3.72","0.149","0.14","0.172","0.473","0.28","0.3","0.59"
"717790","2023/06/12","679529","3.085","0.204","0.061","0.267","0.569","0.316","0.302","0.829","3.61","0.167","0.08","0.288","0.591","0.23","0.303","1.28"
"717790","2023/06/12","681481","2.34","0.232","0.125","0.282","0.714","0.315","0.431","0.663","3.68","0.347","0.12","0.373","0.869","0.31","0.495","1.14"
"717790","2023/06/12","595879","3.678","0.238","0.088","0.262","0.628","0.499","0.366","0.866","4.11","0.17","0.1","0.19","0.462","0.32","0.272","1.45"
"717790","2023/06/12","665155","2.579","0.219","0.131","0.301","0.719","0.384","0.418","0.808","3.06","0.216","0.08","0.323","0.683","0.55","0.36","0.77"
"717790","2023/06/12","663837","2.98","0.218","0.074","0.26","0.593","0.296","0.333","0.683","3.45","0.217","0.13","0.273","0.587","0.37","0.314","0.52"
"717790","2023/06/12","670097","1.921","0.181","0.078","0.281","0.58","0.164","0.299","0.813","2.57","0.259","0.04","0.287","0.654","0.47","0.367","0.68"
"717790","2023/06/12","628451","2.902","0.232","0.047","0.262","0.604","0.232","0.342","0.481","2.15","0.214","0.07","0.244","0.83","0.12","0.586","0.51"
"717790","2023/06/12","668670","2.477","0.197","0.145","0.262","0.677","0.338","0.415","0.945","2.83","0.122","0.31","0.223","0.608","0.41","0.384","1.38"
"717794","2023/06/12","678662","2.612","0.207","0.084","0.245","0.588","0.353","0.343","0.686","3.75","0.345","0.17","0.366","0.928","0.51","0.562","1.09"
"717794","2023/06/12","641857","3.328","0.236","0.121","0.318","0.737","0.439","0.419","1.137","4.11","0.299","0.24","0.334","0.868","0.69","0.534","1.64"
"717793","2023/06/12","670770","2.903","0.252","0.064","0.306","0.693","0.367","0.387","0.656","3.8","0.293","0.04","0.317","0.809","0.48","0.492","0.74"
"717793","2023/06/12","680574","1.915","0.248","0.087","0.387","0.809","0.265","0.422","0.626","4.55","0.314","0","0.335","0.83","0.16","0.495","1.23"
"717793","2023/06/12","663697","3.495","0.274","0.083","0.351","0.772","0.4","0.421","0.715","3.85","0.241","0.19","0.288","0.723","0.62","0.435","0.66"
"717793","2023/06/12","682829","1.875","0.021","0.042","0.021","0.104","0.5","0.083","0.417","3.02","0.307","0.12","0.386","0.953","0.62","0.568","1.29"
"717793","2023/06/12","668715","3.037","0.246","0.109","0.325","0.775","0.382","0.45","0.801","3.15","0.26","0.06","0.34","0.732","0.77","0.392","0.18"
"717793","2023/06/12","663886","3.337","0.256","0.056","0.328","0.679","0.452","0.351","0.913","3.53","0.259","0.17","0.308","0.749","0.87","0.441","0.68"
"717793","2023/06/12","666181","2.148","0.221","0.031","0.232","0.496","0.101","0.264","0.744","2.97","0.348","0.09","0.432","0.854","0.18","0.422","0.5"
"717793","2023/06/12","656413","1.979","0.187","0.039","0.265","0.589","0.249","0.323","0.668","3.39","0.201","0.08","0.262","0.606","0.43","0.344","1.28"
"717793","2023/06/12","571912","2.381","0.181","0.049","0.268","0.551","0.139","0.284","0.878","3.29","0.224","0.12","0.264","0.739","0.68","0.474","0.96"
"717786","2023/06/12","624585","3.463","0.227","0.208","0.303","0.769","0.482","0.466","0.988","3.4","0.29","0.34","0.399","0.986","0.48","0.587","0.95"
"717786","2023/06/12","650559","3.208","0.266","0.092","0.315","0.734","0.341","0.42","0.889","3.84","0.277","0.13","0.359","0.859","1.19","0.5","0.75"
"717786","2023/06/12","643265","3.416","0.266","0.092","0.308","0.692","0.481","0.384","1.029","3.36","0.314","0.28","0.314","0.969","0.6","0.655","1.24"
"717786","2023/06/12","660821","2.721","0.239","0.088","0.31","0.702","0.301","0.392","0.867","3.37","0.253","0.25","0.332","0.775","0.71","0.443","1"
"717786","2023/06/12","516416","3.363","0.233","0.031","0.286","0.59","0.227","0.303","0.572","3.51","0.164","0.12","0.255","0.531","0.46","0.276","0.35"
"717786","2023/06/12","542932","2.975","0.243","0.051","0.345","0.675","0.251","0.33","0.725","2.38","0.122","0","0.144","0.311","0.21","0.167","0.56"
"717789","2023/06/12","650490","3.318","0.304","0.191","0.398","0.918","0.557","0.52","0.562","4.24","0.281","0.03","0.341","0.689","0.41","0.348","0.95"
"717789","2023/06/12","670042","2.728","0.229","0.187","0.261","0.716","0.457","0.455","0.979","2.98","0.249","0.13","0.318","0.93","0.65","0.612","0.92"
"717789","2023/06/12","668227","3.54","0.276","0.198","0.365","0.871","0.683","0.505","1.003","3.15","0.22","0.09","0.409","0.696","0.44","0.287","0.99"
"717789","2023/06/12","670623","2.968","0.207","0.114","0.283","0.627","0.504","0.344","0.567","3.4","0.201","0.36","0.315","0.88","1.07","0.566","0.92"
"717789","2023/06/12","666139","3.044","0.276","0.172","0.331","0.803","0.536","0.472","0.887","3.19","0.279","0","0.285","0.62","0.24","0.335","0.81"
"717789","2023/06/12","642350","2.741","0.209","0.147","0.28","0.682","0.357","0.402","0.958","3.45","0.172","0.24","0.217","0.671","0.47","0.454","1.59"
"717789","2023/06/12","670764","2.852","0.206","0.13","0.286","0.672","0.402","0.387","0.783","3.33","0.095","0","0.208","0.353","0.31","0.145","1.13"
"717789","2023/06/12","542194","2.85","0.2","0.155","0.248","0.625","0.372","0.377","0.82","3.52","0.203","0.02","0.225","0.487","0.16","0.263","0.81"
"717789","2023/06/12","660644","2.09","0.125","0.009","0.237","0.391","0.109","0.153","0.468","2.22","0.078","0","0.118","0.196","0.28","0.078","0.53"
"717785","2023/06/12","656941","3.416","0.202","0.243","0.321","0.782","0.509","0.462","1.21","3.64","0.177","0.38","0.324","0.895","0.73","0.571","1.05"
"717785","2023/06/12","607208","4.025","0.278","0.128","0.318","0.757","0.404","0.44","0.971","4.07","0.272","0.16","0.307","0.741","0.44","0.434","0.73"
"717785","2023/06/12","592206","3.624","0.281","0.132","0.342","0.822","0.549","0.481","0.993","3.89","0.328","0.24","0.358","0.904","0.79","0.545","0.83"
"717785","2023/06/12","547180","3.653","0.328","0.152","0.401","0.939","0.423","0.539","1.038","3.45","0.294","0.01","0.384","0.753","0.42","0.369","0.81"
"717785","2023/06/12","592663","3.487","0.265","0.101","0.311","0.748","0.445","0.437","0.924","3.48","0.111","0.16","0.14","0.414","0.34","0.275","1.05"
"717785","2023/06/12","664761","3.461","0.245","0.116","0.32","0.713","0.573","0.393","0.694","3.7","0.227","0.11","0.244","0.595","0.52","0.351","0.9"
"717785","2023/06/12","543281","2.802","0.217","0.062","0.262","0.59","0.382","0.327","0.607","2.14","0.153","0","0.153","0.307","0.17","0.153","0.49"
"717785","2023/06/12","624641","2.72","0.275","0.11","0.3","0.78","0.367","0.48","0.644","2.51","0.153","0.06","0.153","0.367","0.17","0.213","0.69"
"717785","2023/06/12","656495","1.646","0.145","0.034","0.178","0.409","0.095","0.23","0.515","0.78","0.063","0","0.1","0.173","0","0.073","0.11"
"717785","2023/06/12","606466","3.675","0.267","0.109","0.328","0.783","0.406","0.455","0.689","3.83","0.228","0.16","0.377","0.778","0.4","0.401","0.71"
"717785","2023/06/12","656896","2.897","0.236","0.1","0.292","0.678","0.519","0.386","0.531","3.51","0.417","0","0.444","0.944","0.5","0.5","0.64"
"717785","2023/06/12","682998","2.698","0.245","0.089","0.316","0.749","0.31","0.434","0.7","4.11","0.389","0.45","0.432","1.277","1.21","0.845","0.67"
"717785","2023/06/12","572233","3.494","0.243","0.184","0.314","0.765","0.59","0.451","0.75","3.91","0.256","0.06","0.317","0.735","0.36","0.418","0.47"
"717785","2023/06/12","446334","2.871","0.233","0.147","0.285","0.739","0.399","0.454","0.895","3.01","0.208","0.36","0.308","0.927","0.75","0.619","1.23"
"717785","2023/06/12","656976","3.085","0.245","0.113","0.337","0.714","0.476","0.377","0.708","3.84","0.194","0.26","0.251","0.66","0.72","0.409","0.82"
"717785","2023/06/12","608348","3.151","0.206","0.094","0.283","0.613","0.401","0.33","0.712","2.5","0.227","0.07","0.376","0.751","0.28","0.375","0.41"
"717794","2023/06/12","595777","3.648","0.229","0.093","0.327","0.698","0.406","0.371","0.731","3.96","0.191","0","0.291","0.562","0.26","0.272","0.68"
"717792","2023/06/12","665120","2.932","0.298","0.12","0.409","0.911","0.414","0.502","0.996","2.53","0.056","0","0.268","0.367","0.15","0.099","1.07"
"717784","2023/06/13","621566","3.49","0.265","0.292","0.376","0.96","0.76","0.585","1.071","4.08","0.228","0.18","0.317","0.681","0.4","0.364","1.25"
"717784","2023/06/13","663586","3.569","0.281","0.185","0.341","0.83","0.506","0.489","1.018","3.88","0.226","0.11","0.28","0.622","0.43","0.343","0.78"
"717784","2023/06/13","518595","3.302","0.253","0.05","0.28","0.634","0.369","0.354","0.682","3.28","0.26","0.15","0.367","0.759","0.39","0.392","0.59"
"717784","2023/06/13","592696","3.264","0.238","0.136","0.278","0.703","0.419","0.425","0.763","4.28","0.255","0.2","0.255","0.736","0.62","0.481","1.16"
"717784","2023/06/13","645277","3.65","0.252","0.183","0.306","0.757","0.641","0.451","0.657","3.6","0.206","0.29","0.317","0.745","0.75","0.427","0.41"
"717784","2023/06/13","606115","2.983","0.301","0.127","0.352","0.832","0.456","0.479","0.644","3.66","0.364","0.09","0.39","0.827","0.52","0.438","0.85"
"717784","2023/06/13","607680","2.842","0.217","0.108","0.247","0.634","0.376","0.386","0.748","1.76","0.194","0.19","0.198","0.671","0.26","0.473","0.43"
"717784","2023/06/13","671739","2.804","0.232","0.096","0.305","0.719","0.346","0.413","0.655","3.64","0.278","0.2","0.317","0.788","0.36","0.471","0.86"
"717784","2023/06/13","656716","2.573","0.195","0.063","0.297","0.608","0.229","0.311","0.656","3.65","0.122","0.12","0.141","0.389","0.24","0.249","0.74"
"717784","2023/06/13","679529","3.08","0.201","0.06","0.264","0.563","0.312","0.298","0.831","3.92","0.207","0.19","0.31","0.696","0.55","0.386","1.26"
"717784","2023/06/13","681481","2.39","0.23","0.144","0.279","0.716","0.329","0.437","0.646","3.82","0.339","0.1","0.361","0.83","0.28","0.469","1.25"
"717784","2023/06/13","595879","3.693","0.237","0.087","0.261","0.625","0.517","0.364","0.87","4.2","0.199","0.09","0.216","0.531","0.27","0.315","1.52"
"717784","2023/06/13","665155","2.561","0.217","0.129","0.298","0.712","0.38","0.413","0.799","3.32","0.197","0.08","0.291","0.63","0.53","0.339","0.94"
"717784","2023/06/13","628451","2.928","0.226","0.047","0.256","0.591","0.227","0.335","0.516","2.35","0.287","0.18","0.319","1.063","0.23","0.743","0.55"
"717784","2023/06/13","408234","3.342","0.234","0.051","0.269","0.594","0.304","0.325","0.793","2.81","0.282","0","0.393","0.807","0.23","0.414","0.7"
"717784","2023/06/13","606992","3.019","0.259","0.123","0.301","0.735","0.442","0.434","0.936","3.4","0.064","0","0.138","0.237","0.11","0.099","1.19"
"717784","2023/06/13","545350","1.749","0.185","0.034","0.221","0.495","0.187","0.275","0.572","2.15","0.128","0","0.258","0.414","0.16","0.156","0.7"
"717788","2023/06/13","595777","3.651","0.23","0.092","0.326","0.694","0.399","0.368","0.749","4.09","0.246","0","0.333","0.7","0.23","0.367","0.6"
"717788","2023/06/13","678662","2.6","0.209","0.083","0.25","0.594","0.349","0.344","0.677","3.92","0.297","0.16","0.312","0.803","0.46","0.492","1.1"
"717788","2023/06/13","641857","3.344","0.237","0.13","0.318","0.743","0.454","0.425","1.135","3.97","0.298","0.19","0.36","0.893","0.55","0.532","1.45"
"717788","2023/06/13","553869","3.251","0.293","0.124","0.35","0.804","0.518","0.454","0.676","3.75","0.134","0.01","0.205","0.388","0.3","0.182","0.84"
"717788","2023/06/13","545341","3.729","0.318","0.085","0.367","0.818","0.43","0.452","0.835","3.85","0.209","0","0.275","0.605","0.34","0.33","1.03"
"717788","2023/06/13","519058","2.802","0.24","0.104","0.294","0.715","0.432","0.42","0.767","2.09","0.27","0.09","0.343","0.782","0.3","0.44","0.53"
"717788","2023/06/13","605612","2.943","0.292","0.013","0.314","0.678","0.457","0.364","0.548","3.3","0.186","0","0.186","0.389","0.15","0.203","0.86"
"717788","2023/06/13","686668","2.029","0.193","0.062","0.218","0.519","0.396","0.301","0.738","3.16","0.162","0","0.199","0.36","0.16","0.162","1.11"
"717788","2023/06/13","657077","3.709","0.282","0.087","0.332","0.747","0.391","0.415","0.574","4.07","0.226","0","0.348","0.644","0.24","0.295","0.39"
"717788","2023/06/13","807799","2.467","0.204","0.093","0.246","0.598","0.413","0.352","0.32","3.66","0.31","0.03","0.374","0.761","0.16","0.386","0.41"
"717788","2023/06/13","457759","3.415","0.259","0.109","0.347","0.746","0.441","0.4","0.615","3.88","0.32","0.2","0.37","0.948","0.55","0.578","0.55"
"717788","2023/06/13","646240","3.735","0.258","0.231","0.312","0.818","0.76","0.506","0.841","3.8","0.215","0.19","0.296","0.71","0.44","0.414","0.87"
"717788","2023/06/13","594807","2.85","0.239","0.223","0.324","0.885","0.517","0.561","1.036","3.18","0.254","0.26","0.334","0.862","0.85","0.527","0.86"
"717788","2023/06/13","671213","2.555","0.2","0.132","0.314","0.68","0.379","0.366","0.817","3.34","0.186","0.09","0.343","0.666","0.23","0.323","0.95"
"717788","2023/06/13","624414","3.028","0.26","0.064","0.288","0.676","0.349","0.388","0.572","3.1","0.291","0.18","0.297","0.853","0.57","0.555","0.7"
"717788","2023/06/13","624512","2.588","0.227","0.025","0.29","0.598","0.323","0.307","0.629","2.58","0.174","0","0.246","0.551","0.14","0.305","0.68"
"717788","2023/06/13","622569","1.914","0.246","0.063","0.322","0.782","0.156","0.46","0.298","2.09","0.128","0","0.248","0.384","0.25","0.136","0.31"
"717778","2023/06/13","657041","3.468","0.252","0.118","0.318","0.724","0.395","0.406","0.994","4.12","0.244","0.11","0.269","0.726","0.4","0.457","1.19"
"717785","2023/06/12","672695","2.417","0.237","0.068","0.366","0.726","0.409","0.36","0.513","3.3","0.217","0.06","0.329","0.641","0.55","0.312","0.71"
"717785","2023/06/12","664983","2.751","0.172","0.037","0.228","0.477","0.223","0.249","0.564","2.97","0.242","0","0.309","0.562","0.29","0.253","0.53"
"717786","2023/06/12","650333","3.532","0.337","0.023","0.382","0.793","0.316","0.412","0.254","4.05","0.468","0","0.484","1.015","0.76","0.53","0.31"
"717779","2023/06/13","519317","3.355","0.23","0.15","0.281","0.665","0.463","0.384","0.96","3.25","0.164","0.16","0.2","0.554","0.41","0.354","0.93"
"717779","2023/06/13","650402","3.545","0.257","0.163","0.321","0.762","0.49","0.441","0.67","3.71","0.253","0.2","0.317","0.721","0.29","0.403","0.66"
"717779","2023/06/13","519203","3.485","0.271","0.198","0.34","0.815","0.511","0.475","0.806","3.79","0.098","0","0.171","0.273","0.16","0.102","0.94"
"717779","2023/06/13","518934","3.524","0.264","0.1","0.331","0.713","0.389","0.383","0.846","3.61","0.169","0.04","0.195","0.457","0.09","0.262","0.93"
"717779","2023/06/13","643396","2.837","0.201","0.063","0.275","0.574","0.225","0.298","0.507","2.95","0.395","0","0.408","0.832","0.41","0.423","0.43"
"717779","2023/06/13","641856","2.265","0.13","0.034","0.15","0.329","0.088","0.179","0.769","2.71","0.233","0.09","0.31","0.789","0.12","0.479","0.55"
"717779","2023/06/13","543309","2.819","0.222","0.162","0.297","0.776","0.475","0.479","0.873","2.8","0.261","0","0.297","0.641","0.64","0.344","0.79"
"717778","2023/06/13","671277","3.493","0.256","0.078","0.3","0.68","0.413","0.38","0.539","4.14","0.283","0.13","0.296","0.706","0.64","0.41","0.64"
"717778","2023/06/13","608841","3.257","0.239","0.061","0.267","0.607","0.4","0.34","0.697","3.72","0.34","0","0.413","0.834","0.41","0.421","0.35"
"717778","2023/06/13","600869","3.605","0.259","0.097","0.304","0.712","0.376","0.408","0.794","3.39","0.186","0.18","0.314","0.742","0.71","0.428","0.81"
"717778","2023/06/13","572816","2.888","0.22","0.047","0.273","0.586","0.338","0.313","0.522","2.99","0.254","0.05","0.292","0.636","0.32","0.343","0.57"
"717778","2023/06/13","660688","3.317","0.235","0.058","0.293","0.647","0.333","0.353","0.336","3.62","0.287","0.25","0.347","0.873","0.72","0.526","0.29"
"717778","2023/06/13","642086","3.205","0.246","0.063","0.317","0.648","0.338","0.331","0.712","3.61","0.195","0.12","0.225","0.524","0.25","0.299","0.58"
"717778","2023/06/13","682928","3.021","0.237","0.055","0.271","0.627","0.375","0.356","0.768","3.72","0.161","0.1","0.174","0.434","0.28","0.26","0.73"
"717778","2023/06/13","669743","2.695","0.18","0.056","0.264","0.524","0.266","0.261","0.654","3.34","0.223","0","0.28","0.505","0.09","0.225","0.4"
"717778","2023/06/13","643289","3.171","0.244","0.02","0.284","0.604","0.22","0.32","0.487","4.38","0.283","0.11","0.313","0.73","0.49","0.417","0.54"
"717778","2023/06/13","514888","3.16","0.158","0.064","0.282","0.509","0.285","0.227","1.019","4.29","0.24","0.13","0.313","0.714","0.37","0.401","0.97"
"717778","2023/06/13","608324","3.618","0.235","0.108","0.323","0.697","0.464","0.375","0.458","4.09","0.288","0.2","0.318","0.933","0.85","0.615","1.23"
"717778","2023/06/13","663656","3.524","0.276","0.149","0.357","0.815","0.653","0.458","0.613","3.9","0.193","0.08","0.279","0.568","0.42","0.288","0.42"
"717778","2023/06/13","547989","3.626","0.246","0.067","0.302","0.67","0.491","0.369","0.822","4.09","0.228","0.23","0.259","0.627","0.87","0.369","1.31"
"717778","2023/06/13","673237","1.847","0.194","0.021","0.212","0.531","0.236","0.319","0.41","3.21","0.296","0.2","0.315","0.909","0.4","0.595","0.47"
"717778","2023/06/13","676694","2.882","0.226","0.057","0.268","0.596","0.331","0.328","0.885","3.2","0.186","0.17","0.216","0.584","0.45","0.367","1.03"
"717778","2023/06/13","455117","2.896","0.159","0.066","0.253","0.49","0.276","0.237","1.026","3.07","0.123","0.03","0.182","0.342","0.03","0.16","1.25"
"717777","2023/06/13","670770","2.93","0.256","0.063","0.31","0.7","0.36","0.39","0.645","3.93","0.311","0.03","0.333","0.866","0.54","0.533","0.76"
"717777","2023/06/13","680574","1.983","0.25","0.083","0.384","0.8","0.283","0.417","0.661","4.6","0.297","0","0.315","0.774","0.13","0.459","1.21"
"717777","2023/06/13","663697","3.51","0.277","0.101","0.353","0.787","0.443","0.434","0.709","3.97","0.262","0.16","0.302","0.732","0.76","0.43","0.79"
"717777","2023/06/13","682829","1.764","0.021","0.042","0.021","0.104","0.389","0.083","0.306","3.3","0.27","0.1","0.341","0.828","0.54","0.487","1.41"
"717777","2023/06/13","668715","3.032","0.244","0.108","0.324","0.77","0.377","0.446","0.803","3.11","0.224","0.04","0.324","0.654","0.66","0.33","0.38"
"717777","2023/06/13","663886","3.352","0.257","0.055","0.328","0.682","0.448","0.354","0.933","3.6","0.29","0.15","0.333","0.777","0.8","0.444","0.81"
"717777","2023/06/13","666181","2.18","0.214","0.03","0.225","0.48","0.098","0.255","0.745","3.01","0.346","0.09","0.439","0.895","0.18","0.456","0.44"
"717777","2023/06/13","621028","3.232","0.234","0.038","0.273","0.58","0.306","0.307","0.401","3.44","0.254","0","0.307","0.682","0.43","0.375","0.54"
"717777","2023/06/13","656413","2","0.188","0.038","0.265","0.587","0.256","0.322","0.693","3.34","0.211","0.2","0.264","0.725","0.5","0.461","1.14"
"717777","2023/06/13","668472","2.833","0.264","0.097","0.353","0.814","0.418","0.461","1.124","3.66","0.238","0.14","0.315","0.68","0.44","0.365","1.64"
"717777","2023/06/13","521692","3.699","0.28","0.239","0.31","0.84","0.631","0.53","0.9","3.99","0.239","0.25","0.239","0.697","0.53","0.458","1.1"
"717777","2023/06/13","677951","3.706","0.256","0.156","0.293","0.744","0.485","0.451","0.834","3.75","0.225","0.06","0.297","0.594","0.25","0.296","0.57"
"717777","2023/06/13","669004","3.097","0.185","0.104","0.278","0.63","0.431","0.352","1.063","3.79","0.226","0.03","0.281","0.599","0.23","0.318","1.02"
"717777","2023/06/13","672580","2.438","0.236","0.021","0.29","0.595","0.344","0.305","0.542","3.28","0.206","0.07","0.334","0.625","0.23","0.291","1.08"
"717777","2023/06/13","658668","3.022","0.247","0.108","0.289","0.728","0.283","0.438","0.59","3.07","0.278","0.12","0.291","0.878","0.15","0.587","0.61"
"717777","2023/06/13","622110","2.82","0.273","0.037","0.311","0.687","0.308","0.376","0.61","2.08","0.289","0","0.312","0.602","0.1","0.289","0.65"
"717777","2023/06/13","671221","1.984","0.372","0.094","0.477","1.099","0.547","0.622","0.578","2.9","0.153","0.06","0.24","0.453","0.21","0.213","1.22"
"717777","2023/06/13","680118","1.167","0.198","0.333","0.365","1.062","0.361","0.698","0.403","1.96","0.38","0.15","0.432","1.282","0.26","0.85","0.36"
"717779","2023/06/13","607043","3.665","0.258","0.082","0.351","0.739","0.356","0.387","0.785","3.79","0.206","0.09","0.3","0.604","0.49","0.303","1.63"
"717779","2023/06/13","682626","2.49","0.173","0.141","0.214","0.576","0.261","0.362","0.751","3.77","0.161","0.48","0.17","0.672","0.86","0.503","0.96"
"717779","2023/06/13","643446","3.442","0.271","0.042","0.326","0.678","0.339","0.351","0.372","3.76","0.211","0.12","0.258","0.599","0.17","0.341","0.35"
"717779","2023/06/13","596019","3.678","0.241","0.163","0.31","0.741","0.657","0.431","0.824","3.57","0.179","0.26","0.266","0.721","0.37","0.455","0.94"
"717779","2023/06/13","516782","3.443","0.269","0.074","0.306","0.713","0.359","0.407","0.719","3.78","0.322","0.08","0.328","0.757","0.26","0.429","0.92"
"717779","2023/06/13","683146","2.282","0.224","0.08","0.286","0.605","0.245","0.318","0.626","3.05","0.145","0","0.259","0.426","0.34","0.168","1.06"
"717779","2023/06/13","502054","2.868","0.187","0.082","0.288","0.569","0.292","0.281","0.804","3.08","0.265","0.25","0.321","0.981","0.93","0.66","1"
"717779","2023/06/13","641645","2.526","0.255","0.006","0.338","0.643","0.223","0.305","0.488","1.79","0.138","0","0.172","0.388","0.17","0.215","0.77"
"717779","2023/06/13","592192","3.271","0.224","0.068","0.283","0.619","0.321","0.336","0.698","2.89","0.269","0.11","0.348","0.812","0.65","0.464","0.53"
"717783","2023/06/13","592885","3.504","0.244","0.137","0.326","0.73","0.449","0.404","0.914","3.79","0.267","0.12","0.389","0.815","0.18","0.427","1.32"
"717783","2023/06/13","642715","3.568","0.227","0.163","0.298","0.694","0.51","0.395","1.096","3.88","0.175","0.21","0.282","0.635","0.29","0.353","1.24"
"717783","2023/06/13","642133","3.102","0.249","0.234","0.322","0.819","0.514","0.497","0.816","3.34","0.111","0","0.132","0.267","0.15","0.136","0.95"
"717783","2023/06/13","680911","2.788","0.283","0.094","0.323","0.776","0.291","0.453","0.501","3.97","0.302","0","0.325","0.659","0.46","0.334","0.93"
"717783","2023/06/13","572138","1.233","0.309","0.028","0.387","0.757","0.094","0.37","0.322","2.13","0.133","0","0.277","0.454","0.29","0.177","0.55"
"717783","2023/06/13","605119","3.21","0.247","0.143","0.331","0.776","0.436","0.445","1.02","3.56","0.175","0","0.276","0.463","0.23","0.188","1.08"
"717783","2023/06/13","649966","3.122","0.306","0.713","0.333","1.368","0.81","1.035","0.93","2.36","0.068","0","0.259","0.371","0.18","0.112","0.62"
"717783","2023/06/13","605170","2.824","0.32","0.093","0.391","0.889","0.377","0.498","0.52","3.15","0.227","0.12","0.372","0.696","0.61","0.324","0.89"
"717783","2023/06/13","686894","2.127","0.142","0.07","0.193","0.447","0.212","0.254","0.647","3.48","0.296","0.23","0.409","1.001","0.69","0.592","1.38"
"717783","2023/06/13","666397","1.952","0.17","0.191","0.352","0.682","0.333","0.329","0.714","3.51","0.241","0.15","0.357","0.812","0.32","0.455","1.54"
"717783","2023/06/13","456781","2.944","0.234","0.035","0.297","0.612","0.209","0.315","0.613","3.11","0.307","0.12","0.378","0.975","0.44","0.597","0.75"
"717783","2023/06/13","621043","3.622","0.242","0.146","0.314","0.729","0.504","0.414","0.897","3.64","0.246","0.2","0.297","0.769","0.55","0.472","1.19"
"717783","2023/06/13","668904","2.792","0.188","0.042","0.188","0.493","0.167","0.306","0.583","3.85","0.328","0.16","0.333","0.807","0.71","0.475","1.04"
"717783","2023/06/13","680777","2.867","0.243","0.128","0.312","0.801","0.323","0.488","0.996","2.83","0.164","0.1","0.259","0.577","0.3","0.318","1.25"
"717780","2023/06/13","621493","3.429","0.266","0.129","0.339","0.775","0.456","0.436","0.798","3.84","0.31","0.3","0.374","1.058","0.57","0.684","0.92"
"717780","2023/06/13","660271","3.663","0.266","0.23","0.357","0.866","0.601","0.509","0.962","4.11","0.409","0.62","0.466","1.516","1.32","1.05","0.99"
"717780","2023/06/13","592273","3.218","0.25","0.133","0.281","0.737","0.471","0.457","0.947","4.11","0.254","0.1","0.3","0.684","0.35","0.384","1.14"
"717780","2023/06/13","543685","3.126","0.28","0.074","0.392","0.817","0.566","0.426","0.544","3.45","0.223","0.05","0.299","0.622","0.36","0.322","0.41"
"717780","2023/06/13","592669","3.549","0.271","0.214","0.321","0.837","0.586","0.516","0.802","4.16","0.17","0.09","0.214","0.524","0.2","0.309","0.95"
"717780","2023/06/13","650859","3.062","0.251","0.115","0.308","0.713","0.403","0.405","0.569","3.11","0.217","0.17","0.233","0.623","0.37","0.389","0.54"
"717780","2023/06/13","666160","2.425","0.305","0.198","0.333","0.947","0.484","0.614","0.658","3.45","0.209","0.2","0.224","0.735","0.67","0.511","1.11"
"717780","2023/06/13","595453","2.248","0.156","0.095","0.242","0.501","0.261","0.26","0.713","1.88","0.475","0.2","0.557","1.633","0.32","1.075","0.66"
"717780","2023/06/13","687263","1.864","0.155","0.037","0.192","0.449","0.235","0.257","0.395","3.01","0.271","0.22","0.362","0.867","0.25","0.504","0.67"
"717780","2023/06/13","543760","3.831","0.268","0.158","0.323","0.778","0.584","0.455","0.729","4.68","0.233","0.06","0.264","0.633","0.6","0.369","0.75"
"717780","2023/06/13","608369","3.374","0.363","0.208","0.414","1.065","0.658","0.651","0.674","4.17","0.376","0.2","0.437","1.064","1.02","0.627","0.78"
"717780","2023/06/13","663993","3.504","0.277","0.112","0.366","0.807","0.534","0.441","0.871","4.19","0.169","0.14","0.281","0.556","0.48","0.275","1.87"
"717780","2023/06/13","666969","3.486","0.241","0.216","0.31","0.78","0.736","0.469","0.996","3.75","0.257","0.08","0.349","0.742","0.41","0.393","1.31"
"717780","2023/06/13","673962","3.143","0.251","0.171","0.282","0.731","0.531","0.449","0.953","4.07","0.289","0.13","0.34","0.79","0.36","0.451","0.56"
"717780","2023/06/13","641680","3.277","0.269","0.132","0.325","0.763","0.562","0.438","0.63","3.81","0.286","0.08","0.334","0.752","0.82","0.419","0.72"
"717780","2023/06/13","543257","3.273","0.271","0.116","0.35","0.78","0.545","0.429","0.909","2.79","0.196","0.16","0.355","0.786","0.43","0.431","0.76"
"717780","2023/06/13","677649","2.636","0.288","0.112","0.312","0.81","0.502","0.498","0.662","3.25","0.383","0.2","0.412","1.06","0.71","0.648","0.75"
"717780","2023/06/13","665750","3.267","0.26","0.033","0.326","0.675","0.405","0.349","0.845","3.48","0.268","0.26","0.333","0.984","0.5","0.651","0.53"
"717787","2023/06/13","666182","3.862","0.31","0.185","0.355","0.868","0.583","0.513","0.726","4.31","0.231","0.23","0.231","0.637","0.47","0.406","1.27"
"717787","2023/06/13","665489","3.599","0.286","0.195","0.365","0.867","0.652","0.502","0.651","3.84","0.247","0.07","0.346","0.681","0.47","0.335","0.64"
"717787","2023/06/13","656305","3.451","0.247","0.127","0.328","0.757","0.471","0.429","1.01","3.44","0.18","0.17","0.274","0.696","0.59","0.422","1.03"
"717787","2023/06/13","593160","3.491","0.289","0.055","0.335","0.755","0.438","0.42","0.664","3.42","0.345","0","0.4","0.802","0.39","0.403","0.41"
"717787","2023/06/13","662139","3.34","0.202","0.125","0.273","0.636","0.403","0.363","0.848","3.32","0.25","0.22","0.395","0.82","0.28","0.425","0.78"
"717787","2023/06/13","672386","2.977","0.229","0.072","0.33","0.648","0.335","0.318","0.475","3.11","0.295","0.08","0.3","0.677","0.38","0.378","0.32"
"717787","2023/06/13","643376","2.935","0.202","0.114","0.283","0.677","0.467","0.394","0.737","3.69","0.206","0.27","0.306","0.742","0.9","0.436","0.6"
"717787","2023/06/13","595281","3.077","0.286","0.06","0.335","0.772","0.346","0.438","0.728","1.92","0.119","0.04","0.22","0.469","0.11","0.249","0.48"
"717787","2023/06/13","683002","2.631","0.204","0.077","0.328","0.671","0.261","0.344","0.972","3.41","0.356","0.41","0.393","1.093","0.96","0.701","0.86"
"717787","2023/06/13","668939","3.236","0.261","0.133","0.391","0.842","0.446","0.451","0.677","4.04","0.245","0.03","0.319","0.61","0.14","0.291","0.84"
"717787","2023/06/13","623993","3.516","0.238","0.164","0.327","0.763","0.538","0.436","0.917","3.97","0.221","0.05","0.27","0.687","0.56","0.418","0.76"
"717787","2023/06/13","656811","2.272","0.261","0.105","0.354","0.783","0.407","0.429","0.63","3.07","0.432","0.28","0.443","1.308","0.73","0.866","0.87"
"717787","2023/06/13","669720","3.494","0.282","0.15","0.325","0.806","0.463","0.481","0.835","3.84","0.255","0.13","0.295","0.743","0.68","0.448","0.98"
"717787","2023/06/13","543305","2.64","0.203","0.053","0.287","0.572","0.213","0.284","0.754","2.89","0.286","0.08","0.473","0.929","0.4","0.456","0.63"
"717787","2023/06/13","624428","3.218","0.239","0.084","0.306","0.682","0.35","0.376","0.351","3.94","0.157","0.11","0.199","0.538","0.5","0.339","0.74"
"717787","2023/06/13","602104","3.014","0.277","0.051","0.335","0.742","0.395","0.407","0.857","3.14","0.301","0.1","0.308","0.787","0.39","0.479","0.86"
"717787","2023/06/13","622761","3.008","0.238","0.092","0.285","0.673","0.383","0.388","0.764","3.04","0.193","0","0.193","0.42","0.24","0.228","0.95"
"717783","2023/06/13","571657","3.144","0.287","0.153","0.322","0.835","0.587","0.513","0.769","2.15","0.15","0","0.168","0.318","0","0.15","0.62"
"717783","2023/06/13","608336","2.882","0.199","0.206","0.306","0.766","0.471","0.461","1.165","3.25","0.113","0.08","0.3","0.473","0.08","0.173","2.11"
"717783","2023/06/13","572191","2.898","0.23","0.106","0.274","0.666","0.352","0.392","0.957","2.93","0.269","0.24","0.296","0.863","0.52","0.567","0.98"
"717781","2023/06/13","664774","2.872","0.218","0.133","0.338","0.738","0.379","0.401","0.706","3.63","0.282","0.07","0.375","0.817","0.36","0.442","0.8"
"717781","2023/06/13","592626","3.012","0.276","0.16","0.388","0.924","0.577","0.537","0.816","3.31","0.405","0.37","0.456","1.349","0.95","0.892","0.61"
"717781","2023/06/13","605204","3.035","0.263","0.133","0.329","0.767","0.473","0.438","0.991","3.38","0.275","0","0.359","0.75","0.45","0.391","0.8"
"717781","2023/06/13","624424","3.374","0.212","0.211","0.324","0.761","0.511","0.437","1.008","3.42","0.223","0.13","0.324","0.668","0.68","0.344","0.89"
"717781","2023/06/13","571745","3.606","0.24","0.115","0.281","0.653","0.456","0.373","1.114","3.85","0.237","0.03","0.309","0.659","0.48","0.35","0.93"
"717781","2023/06/13","573262","3.338","0.219","0.129","0.293","0.689","0.367","0.395","0.966","2.67","0.14","0.04","0.298","0.553","0.1","0.256","0.83"
"717781","2023/06/13","672275","1.53","0.283","0.028","0.317","0.744","0.149","0.427","0.353","3.75","0.302","0.07","0.353","0.853","0.66","0.5","1.28"
"717781","2023/06/13","543063","3.163","0.205","0.121","0.282","0.628","0.452","0.346","0.851","2.9","0.285","0","0.363","0.833","0.34","0.469","0.72"
"717781","2023/06/13","680977","2.57","0.223","0.089","0.3","0.631","0.284","0.331","0.476","3.6","0.251","0.07","0.332","0.672","0.21","0.34","0.5"
"717781","2023/06/13","502671","3.625","0.281","0.19","0.375","0.873","0.542","0.497","0.879","4.09","0.249","0.15","0.275","0.663","0.45","0.389","1.17"
"717781","2023/06/13","669357","2.955","0.257","0.203","0.333","0.845","0.656","0.513","0.955","3.27","0.18","0.15","0.192","0.499","0.4","0.307","1.73"
"717781","2023/06/13","571448","3.72","0.294","0.192","0.335","0.845","0.674","0.51","0.738","3.6","0.367","0.32","0.423","1.17","0.79","0.747","0.29"
"717781","2023/06/13","575929","3.401","0.243","0.123","0.32","0.727","0.491","0.407","0.897","3.26","0.1","0.17","0.196","0.446","0.17","0.25","0.9"
"717781","2023/06/13","666185","3.069","0.254","0.081","0.304","0.704","0.434","0.4","0.808","3.17","0.305","0.15","0.387","0.896","0.42","0.509","0.68"
"717781","2023/06/13","691023","2.702","0.205","0.095","0.217","0.533","0.407","0.316","0.905","3.44","0.331","0.17","0.398","0.894","0.48","0.497","0.5"
"717781","2023/06/13","657557","3.116","0.229","0.228","0.321","0.794","0.541","0.472","0.897","3.6","0.181","0.12","0.22","0.511","0.2","0.291","1.05"
"717781","2023/06/13","669242","3.383","0.234","0.094","0.308","0.677","0.369","0.369","0.604","3.56","0.102","0","0.177","0.318","0.11","0.142","0.54"
"717776","2023/06/13","641313","3.913","0.265","0.029","0.297","0.626","0.274","0.329","0.757","4.22","0.266","0","0.288","0.63","0.14","0.342","0.88"
"717776","2023/06/13","643217","3.41","0.253","0.036","0.319","0.66","0.302","0.341","0.584","2.95","0.309","0","0.422","0.752","0.09","0.329","0.29"
"717776","2023/06/13","673357","3.676","0.275","0.199","0.312","0.819","0.558","0.507","0.979","3.91","0.267","0.21","0.317","0.82","0.46","0.503","1.48"
"717776","2023/06/13","683734","3.547","0.255","0.114","0.308","0.727","0.529","0.419","0.742","3.06","0.211","0.16","0.281","0.726","0.36","0.445","0.48"
"717772","2023/06/13","608070","2.959","0.238","0.11","0.288","0.691","0.454","0.403","0.376","4.51","0.314","0.41","0.345","1.004","1.01","0.659","0.5"
"717772","2023/06/13","647304","3.283","0.235","0.137","0.285","0.673","0.61","0.388","0.649","3.85","0.453","0.05","0.491","1.094","1.18","0.603","0.41"
"717772","2023/06/13","605137","3.353","0.24","0.126","0.337","0.748","0.511","0.41","0.774","3.54","0.264","0.19","0.301","0.793","0.7","0.492","0.91"
"717772","2023/06/13","671289","2.06","0.146","0","0.211","0.371","0.132","0.161","0.218","2.21","0.282","0","0.296","0.701","0.22","0.405","0.4"
"717772","2023/06/13","686823","2.202","0.191","0.041","0.205","0.479","0.276","0.275","0.382","3.96","0.36","0.16","0.383","0.961","0.62","0.579","0.66"
"717772","2023/06/13","664702","3.079","0.253","0.013","0.319","0.656","0.22","0.338","0.586","3.73","0.244","0","0.297","0.616","0.09","0.318","0.96"
"717772","2023/06/13","595956","2.288","0.156","0.014","0.201","0.435","0.183","0.234","0.64","3.07","0.164","0","0.164","0.346","0.26","0.182","0.88"
"717772","2023/06/13","665487","3.722","0.281","0.226","0.344","0.876","0.543","0.533","0.899","4.09","0.355","0.27","0.396","1.036","1.06","0.639","0.68"
"717772","2023/06/13","665742","3.365","0.288","0.181","0.426","0.944","0.521","0.517","0.809","3.83","0.206","0.01","0.276","0.531","0.66","0.256","0.72"
"717772","2023/06/13","592518","3.692","0.272","0.152","0.315","0.755","0.558","0.44","0.884","3.93","0.225","0.1","0.28","0.611","0.26","0.332","0.8"
"717772","2023/06/13","593428","3.557","0.267","0.116","0.349","0.769","0.415","0.42","0.675","3.93","0.269","0.03","0.307","0.664","0.27","0.357","0.91"
"717772","2023/06/13","630105","3.405","0.255","0.106","0.343","0.796","0.415","0.453","0.761","3.82","0.233","0.15","0.295","0.688","0.5","0.393","0.79"
"717772","2023/06/13","596142","3.243","0.189","0.155","0.27","0.642","0.446","0.373","1.055","3.59","0.213","0.37","0.253","0.795","0.95","0.542","1.25"
"717772","2023/06/13","572761","2.494","0.211","0.092","0.332","0.727","0.525","0.394","0.772","3.16","0.182","0.02","0.241","0.502","0.47","0.26","0.89"
"717772","2023/06/13","673490","3.172","0.224","0.084","0.287","0.638","0.368","0.351","0.8","2.82","0.221","0","0.37","0.665","0.24","0.295","0.96"
"717772","2023/06/13","663757","3.146","0.201","0.123","0.3","0.689","0.392","0.389","0.992","3.24","0.193","0.12","0.277","0.635","0.22","0.358","1.13"
"717773","2023/06/13","650333","3.538","0.339","0.023","0.384","0.797","0.324","0.413","0.251","4.04","0.414","0","0.426","0.896","0.67","0.47","0.27"
"717772","2023/06/13","642708","3.84","0.244","0.075","0.277","0.646","0.366","0.369","0.869","3.69","0.28","0","0.343","0.711","0.42","0.367","0.44"
"717773","2023/06/13","624585","3.469","0.23","0.216","0.305","0.779","0.487","0.474","0.979","3.22","0.251","0.28","0.391","0.892","0.39","0.501","0.95"
"717773","2023/06/13","650559","3.225","0.271","0.101","0.319","0.749","0.358","0.43","0.89","3.85","0.241","0.11","0.312","0.755","1.06","0.443","0.89"
"717773","2023/06/13","643265","3.424","0.263","0.091","0.303","0.682","0.474","0.379","1.028","3.31","0.28","0.25","0.31","0.886","0.54","0.577","1.34"
"717773","2023/06/13","516416","3.373","0.231","0.031","0.283","0.583","0.225","0.3","0.577","3.42","0.145","0.11","0.228","0.475","0.41","0.247","0.28"
"717773","2023/06/13","542932","2.999","0.243","0.05","0.343","0.671","0.248","0.328","0.728","2.41","0.106","0","0.123","0.274","0.2","0.151","0.49"
"717773","2023/06/13","607732","2.891","0.166","0.019","0.246","0.468","0.201","0.221","0.659","2.86","0.217","0","0.297","0.601","0.29","0.303","0.83"
"717773","2023/06/13","641658","2.566","0.191","0.031","0.221","0.532","0.176","0.311","0.721","1.93","0.194","0","0.372","0.566","0.12","0.194","0.46"
"717773","2023/06/13","641487","3.273","0.234","0.038","0.343","0.659","0.349","0.316","0.657","3.97","0.262","0.02","0.348","0.68","0.14","0.332","0.57"
"717773","2023/06/13","677594","3.477","0.256","0.153","0.333","0.785","0.473","0.452","1.026","4.2","0.257","0.26","0.297","0.735","0.76","0.438","1.3"
"717776","2023/06/13","660162","3.523","0.251","0.109","0.314","0.721","0.414","0.406","0.862","3.54","0.131","0.09","0.236","0.47","0.15","0.234","1.37"
"717776","2023/06/13","669394","2.845","0.246","0.214","0.289","0.815","0.54","0.525","1.006","3.24","0.212","0.23","0.224","0.8","0.68","0.576","1.19"
"717776","2023/06/13","518735","3.081","0.237","0.096","0.333","0.706","0.345","0.372","0.77","3.08","0.199","0.13","0.241","0.582","0.33","0.341","0.56"
"717776","2023/06/13","657757","2.793","0.242","0.152","0.302","0.728","0.449","0.426","0.592","2.5","0.138","0.04","0.203","0.398","0.26","0.195","0.67"
"717776","2023/06/13","663853","2.47","0.211","0.104","0.235","0.652","0.366","0.416","0.851","2.97","0.163","0.16","0.19","0.533","0.48","0.343","1.21"
"717776","2023/06/13","605141","3.642","0.267","0.231","0.358","0.898","0.566","0.539","0.725","4.18","0.315","0.41","0.381","0.96","0.81","0.579","0.51"
"717776","2023/06/13","518692","3.658","0.311","0.174","0.387","0.914","0.607","0.526","0.659","3.89","0.407","0.35","0.446","1.148","0.98","0.702","0.61"
"717776","2023/06/13","669257","3.44","0.28","0.176","0.377","0.859","0.685","0.482","0.452","3.24","0.196","0.14","0.288","0.671","0.41","0.383","0.86"
"717776","2023/06/13","518792","2.633","0.184","0.092","0.267","0.603","0.237","0.336","0.681","2.8","0.23","0.22","0.251","0.731","0.34","0.48","0.51"
"717776","2023/06/13","502110","3.597","0.254","0.179","0.302","0.779","0.63","0.477","1.043","3.85","0.258","0.45","0.279","1.013","1.07","0.734","1.34"
"717776","2023/06/13","444482","2.866","0.213","0.072","0.281","0.61","0.41","0.329","0.535","3.23","0.365","0.11","0.368","0.883","0.51","0.515","0.48"
"717776","2023/06/13","678246","2.551","0.168","0.063","0.271","0.558","0.334","0.287","0.739","3.05","0.199","0.12","0.3","0.685","0.33","0.385","0.77"
"717776","2023/06/13","681546","2.629","0.284","0.159","0.373","0.919","0.573","0.546","0.981","2.51","0.144","0","0.241","0.422","0.18","0.181","1.27"
"717776","2023/06/13","621035","3.075","0.196","0.159","0.272","0.694","0.435","0.422","1.204","2.84","0.189","0.19","0.23","0.587","0.22","0.357","1.17"
"717774","2023/06/13","677551","3.735","0.281","0.124","0.342","0.798","0.5","0.457","0.534","3.81","0.268","0.11","0.302","0.731","0.46","0.428","0.21"
"717774","2023/06/13","623912","3.271","0.303","0.122","0.333","0.783","0.45","0.45","0.676","3.21","0.429","0.13","0.471","1.067","0.69","0.596","0.66"
"717774","2023/06/13","668227","3.535","0.281","0.195","0.37","0.876","0.698","0.507","0.992","3.11","0.233","0.08","0.426","0.759","0.39","0.333","0.98"
"717774","2023/06/13","670623","2.98","0.207","0.112","0.283","0.625","0.51","0.342","0.572","3.21","0.168","0.31","0.272","0.757","0.92","0.485","0.82"
"717774","2023/06/13","642350","2.744","0.211","0.16","0.28","0.696","0.383","0.416","0.943","3.53","0.172","0.31","0.212","0.704","0.73","0.492","1.81"
"717774","2023/06/13","670764","2.869","0.203","0.128","0.281","0.661","0.395","0.38","0.801","3.4","0.112","0","0.213","0.369","0.29","0.156","1.1"
"717774","2023/06/13","622534","3.041","0.245","0.059","0.301","0.663","0.36","0.362","0.513","2.81","0.206","0","0.239","0.5","0.35","0.261","0.77"
"717774","2023/06/13","642336","3.043","0.204","0.079","0.242","0.563","0.319","0.321","0.722","3.51","0.303","0.12","0.313","0.798","0.51","0.485","0.89"
"717774","2023/06/13","665923","2.835","0.256","0.029","0.292","0.671","0.395","0.379","0.48","4.29","0.209","0","0.237","0.482","0.48","0.245","0.54"
"717774","2023/06/13","667670","2.812","0.21","0.136","0.322","0.695","0.426","0.373","0.981","3.34","0.189","0.2","0.291","0.657","0.47","0.365","1.11"
"717774","2023/06/13","676116","2.062","0.194","0.046","0.321","0.634","0.236","0.314","0.858","3.69","0.305","0.14","0.421","0.89","0.68","0.468","1.15"
"717774","2023/06/13","657656","3.449","0.218","0.122","0.27","0.648","0.353","0.379","1.031","3.65","0.294","0","0.371","0.729","0.45","0.358","1.02"
"717774","2023/06/13","681146","1.473","0.032","0.003","0.161","0.199","0.021","0.038","0.206","2.69","0.283","0.03","0.376","0.712","0.45","0.336","0.56"
"717774","2023/06/13","664913","2.988","0.205","0.15","0.262","0.64","0.411","0.378","0.887","3.26","0.172","0.11","0.262","0.585","0.58","0.323","1.17"
"717774","2023/06/13","649557","3.154","0.232","0.046","0.282","0.583","0.299","0.301","0.682","3.14","0.259","0","0.289","0.653","0.28","0.364","0.67"
"717774","2023/06/13","607054","2.805","0.221","0.08","0.32","0.666","0.314","0.346","0.837","2.81","0.292","0.16","0.374","0.784","0.62","0.41","0.64"
"717772","2023/06/13","680757","2.948","0.223","0.016","0.292","0.579","0.248","0.287","0.356","4.26","0.254","0.07","0.344","0.72","0.32","0.376","0.89"
"717775","2023/06/13","656941","3.423","0.2","0.241","0.32","0.777","0.504","0.457","1.208","3.67","0.183","0.33","0.333","0.861","0.63","0.527","1.03"
"717775","2023/06/13","607208","4.024","0.278","0.127","0.319","0.759","0.412","0.44","0.959","4.06","0.246","0.16","0.303","0.7","0.4","0.397","0.77"
"717775","2023/06/13","592206","3.638","0.282","0.131","0.342","0.826","0.563","0.484","0.983","3.88","0.353","0.21","0.394","0.934","0.69","0.539","0.85"
"717775","2023/06/13","547180","3.662","0.341","0.182","0.412","0.984","0.446","0.572","1.001","3.63","0.286","0","0.361","0.734","0.5","0.372","1.07"
"717775","2023/06/13","681082","3.35","0.253","0.089","0.289","0.689","0.312","0.4","0.693","3.45","0.344","0","0.401","0.851","0.36","0.45","0.79"
"717775","2023/06/13","664761","3.457","0.246","0.114","0.321","0.714","0.566","0.393","0.688","3.88","0.247","0.09","0.262","0.636","0.69","0.374","0.81"
"717775","2023/06/13","665019","2.235","0.236","0.132","0.295","0.72","0.4","0.425","0.581","3.19","0.262","0","0.29","0.593","0.2","0.303","0.8"
"717775","2023/06/13","669016","2.91","0.243","0.072","0.344","0.739","0.34","0.396","1.072","3.36","0.237","0.04","0.273","0.552","0.44","0.279","1.82"
"717775","2023/06/13","656976","3.039","0.241","0.111","0.332","0.703","0.468","0.371","0.698","3.79","0.213","0.24","0.285","0.696","0.9","0.411","0.72"
"717775","2023/06/13","666971","3.48","0.282","0.13","0.35","0.828","0.535","0.479","0.654","3.94","0.255","0.21","0.272","0.811","1.15","0.539","0.72"
"717775","2023/06/13","682998","2.706","0.244","0.088","0.314","0.745","0.306","0.431","0.693","4","0.434","0.41","0.472","1.396","1.22","0.925","0.69"
"717775","2023/06/13","572233","3.499","0.241","0.182","0.313","0.76","0.583","0.447","0.753","3.93","0.228","0.05","0.308","0.678","0.32","0.37","0.55"
"717775","2023/06/13","656896","2.875","0.23","0.097","0.284","0.661","0.504","0.377","0.544","3.59","0.429","0","0.452","0.953","0.68","0.502","0.81"
"717775","2023/06/13","664983","2.754","0.169","0.037","0.229","0.474","0.219","0.245","0.574","3.1","0.303","0","0.36","0.73","0.25","0.37","0.44"
"717775","2023/06/13","668942","3.34","0.248","0.03","0.318","0.665","0.414","0.347","0.846","2.85","0.162","0","0.246","0.41","0.47","0.164","0.93"
"717775","2023/06/13","608348","3.136","0.205","0.094","0.281","0.61","0.399","0.329","0.709","2.57","0.201","0.06","0.366","0.696","0.24","0.33","0.48"
"717775","2023/06/13","672695","2.435","0.234","0.067","0.361","0.716","0.403","0.354","0.532","3.38","0.187","0.05","0.288","0.554","0.49","0.266","0.75"
"717773","2023/06/13","664034","3.626","0.269","0.115","0.323","0.754","0.462","0.431","0.564","4.15","0.397","0.12","0.399","1.027","0.67","0.628","0.84"
"717773","2023/06/13","606192","3.712","0.252","0.185","0.285","0.731","0.6","0.446","1.242","3.71","0.339","0.19","0.42","1.003","0.85","0.582","1.04"
"717773","2023/06/13","672284","3.343","0.259","0.193","0.315","0.825","0.495","0.511","1.034","3.6","0.179","0.1","0.288","0.638","0.33","0.35","1.7"
"717773","2023/06/13","553993","3.492","0.225","0.146","0.322","0.715","0.545","0.394","1.171","3.59","0.214","0.15","0.248","0.607","0.54","0.359","1.23"
"717773","2023/06/13","663728","3.237","0.216","0.147","0.287","0.707","0.55","0.42","1.05","3.5","0.12","0.05","0.18","0.399","0.15","0.219","0.93"
"717773","2023/06/13","645801","1.903","0.168","0.102","0.286","0.681","0.372","0.395","0.496","2.38","0.191","0.23","0.226","0.632","0.34","0.406","0.69"
"717773","2023/06/13","676609","1.593","0.183","0.054","0.273","0.622","0.322","0.349","0.517","2.2","0.107","0","0.316","0.443","0.25","0.127","0.42"
"717784","2023/06/13","660670","3.735","0.294","0.198","0.385","0.896","0.488","0.511","0.796","4.56","0.326","0.16","0.345","0.904","1","0.559","0.48"
"717787","2023/06/13","543807","3.713","0.246","0.175","0.315","0.73","0.487","0.415","0.699","3.73","0.288","0.13","0.371","0.886","0.31","0.514","0.64"
"717788","2023/06/13","666134","2.105","0.139","0.011","0.225","0.416","0.217","0.192","0.931","3.46","0.33","0.33","0.399","1.066","0.78","0.667","1.14"
"717779","2023/06/13","641343","2.257","0.281","0.09","0.363","0.779","0.259","0.416","0.744","2.95","0.203","0.18","0.301","0.784","0.41","0.483","0.98"
"717779","2023/06/13","683011","2.379","0.15","0.097","0.236","0.515","0.241","0.279","0.791","3.42","0.104","0.15","0.13","0.338","0.41","0.208","1.06"
"717783","2023/06/13","666135","3.136","0.259","0.146","0.309","0.754","0.376","0.445","0.899","3.31","0.253","0","0.313","0.652","0.36","0.339","0.74"
"717781","2023/06/13","642731","3.462","0.264","0.132","0.293","0.744","0.432","0.451","0.788","4.34","0.225","0.31","0.245","0.791","0.78","0.546","1.42"
"717774","2023/06/13","650490","3.339","0.302","0.188","0.395","0.913","0.549","0.518","0.568","4.08","0.248","0.02","0.331","0.628","0.35","0.297","0.98"
"717774","2023/06/13","669127","3.037","0.199","0.15","0.244","0.665","0.411","0.421","0.996","3.14","0.224","0.09","0.371","0.761","0.63","0.39","1.15"
"717778","2023/06/13","676801","2.864","0.237","0.077","0.361","0.741","0.365","0.38","0.838","3.39","0.202","0.19","0.27","0.646","0.33","0.376","1.19"
"717782","2023/06/13","672779","2.344","0.213","0.043","0.288","0.635","0.262","0.347","0.464","3.24","0.266","0.01","0.266","0.614","0.13","0.349","0.43"
"717782","2023/06/13","668804","3.556","0.263","0.138","0.316","0.777","0.478","0.462","0.788","3.45","0.293","0.02","0.431","0.849","0.44","0.418","0.8"
"717782","2023/06/13","669261","2.605","0.349","0.12","0.442","1.155","0.368","0.714","0.993","3.04","0.227","0.36","0.317","0.833","0.64","0.516","1.05"
"717782","2023/06/13","467793","3.303","0.204","0.077","0.31","0.634","0.436","0.324","0.66","3.67","0.17","0.15","0.293","0.571","0.39","0.278","0.74"
"717782","2023/06/13","656582","3.062","0.236","0.109","0.329","0.737","0.371","0.409","0.882","3.11","0.22","0.05","0.28","0.623","0.42","0.343","0.9"
"717782","2023/06/13","641943","1.138","0.078","0.019","0.092","0.223","0.083","0.132","0.343","2.69","0.228","0.09","0.327","0.725","0.55","0.398","0.35"
"717782","2023/06/13","663647","3.629","0.253","0.075","0.3","0.712","0.404","0.412","0.687","4.23","0.381","0.15","0.381","1.001","0.83","0.619","1.03"
"717782","2023/06/13","678225","2.492","0.214","0.021","0.256","0.521","0.23","0.265","0.613","3.21","0.246","0","0.297","0.608","0.47","0.311","0.69"
"717782","2023/06/13","595978","2.674","0.15","0.033","0.203","0.408","0.189","0.205","0.788","3.19","0.199","0","0.214","0.473","0.38","0.259","0.56"
"717782","2023/06/13","643565","2.229","0.226","0.061","0.388","0.766","0.257","0.378","0.711","3.04","0.195","0","0.303","0.555","0.3","0.253","0.71"
"717782","2023/06/13","663538","3.737","0.271","0.06","0.315","0.701","0.442","0.386","0.437","3.85","0.29","0.04","0.337","0.671","0.37","0.335","0.69"
"717782","2023/06/13","673548","3.007","0.234","0.136","0.284","0.687","0.414","0.403","0.873","3.65","0.294","0","0.348","0.728","0.01","0.38","1.28"
"717782","2023/06/13","664023","3.333","0.277","0.099","0.379","0.811","0.443","0.433","0.965","3.36","0.192","0","0.32","0.528","0.12","0.208","0.9"
"717782","2023/06/13","621020","3.587","0.233","0.12","0.33","0.73","0.427","0.4","1.016","3.72","0.168","0.05","0.232","0.459","0.21","0.227","1.29"
"717782","2023/06/13","670223","2","0.111","0.029","0.16","0.322","0.145","0.162","0.783","3.13","0.083","0.15","0.138","0.367","0.41","0.228","1.08"
"717782","2023/06/13","670156","2.004","0.234","0.027","0.306","0.603","0.239","0.297","0.479","2.45","0.128","0","0.22","0.363","0","0.143","0.75"
"717782","2023/06/13","663611","2.855","0.272","0.008","0.305","0.629","0.213","0.323","0.3","3.16","0.147","0","0.216","0.373","0.24","0.157","0.44"
"717782","2023/06/13","571466","2.598","0.201","0.01","0.245","0.467","0.236","0.222","0.686","2.47","0.08","0","0.199","0.282","0.17","0.083","0.8"
"717775","2023/06/13","592663","3.482","0.266","0.1","0.312","0.747","0.44","0.435","0.925","3.57","0.217","0.27","0.238","0.783","0.67","0.545","0.95"
"717773","2023/06/13","493329","3.593","0.284","0.087","0.32","0.715","0.364","0.395","0.387","3.48","0.133","0","0.184","0.4","0.23","0.216","0.62"
